Workbook

Sheet 갑지
B2: 1팀 | I2: 2팀 | P2: 환경사업부
G3: (vat제외, 백만원) | N3: (vat제외, 백만원) | U3: (vat제외, 백만원)
B4: 구분 | C4: 건수 | D4: 수주금액 | E4: 수금액 | F4: 잔액 | G4: 비고 | I4: 구분 | J4: 건수 | K4: 수주금액 | L4: 수금액 | M4: 잔액 | N4: 비고 | P4: 구분 | Q4: 건수 | R4: 수주금액 | S4: 수금액 | T4: 잔액 | U4: 비고
D5: (외주계약금액) | E5: (외주지급금액) | F5: (외주비잔액) | K5: (외주계약금액) | L5: (외주지급금액) | M5: (외주비잔액) | R5: (외주계약금액) | S5: (외주지급금액) | T5: (외주비잔액)
B6: 주 과업 | C6: =COUNTIF(세부내용!A:A,"주") -> 36 | D6: =SUMIF(세부내용!$A:$A,"주",세부내용!E:E)/1000000 -> 10765.539 | E6: =SUMIF(세부내용!$A:$A,"주",세부내용!F:F)/1000000 -> 3430.5679 | F6: =SUMIF(세부내용!$A:$A,"주",세부내용!G:G)/1000000 -> 7334.9706 | I6: 주 과업 | J6: 36 | K6: 28401.388 | L6: 14130.736 | M6: 14270.652 | P6: 주 과업 | Q6: =C6+J6 -> 72 | R6: =D6+K6 -> 39166.926 | S6: 14130.736 | T6: 14270.652
D7: =SUMIF(세부내용!$A:$A,"주",세부내용!H:H)/1000000 -> 2674.9938 | E7: =D7-F7 -> 120.6968 | F7: =SUMIF(세부내용!$A:$A,"주",세부내용!I:I)/1000000 -> 2554.297 | K7: 11020.265 | L7: 2758.0227 | M7: 8262.2424 | R7: =D7+K7 -> 13695.259 | S7: 2758.0227 | T7: 8262.2424
B8: 관리 과업 | C8: =COUNTIF(세부내용!A:A,"관리") -> 50 | D8: =SUMIF(세부내용!$A:$A,"관리",세부내용!E:E)/1000000 -> 0 | E8: =SUMIF(세부내용!$A:$A,"관리",세부내용!F:F)/1000000 -> 0 | F8: =SUMIF(세부내용!$A:$A,"관리",세부내용!G:G)/1000000 -> 0 | I8: 관리 과업 | J8: 50 | K8: 5978.2783 | L8: 3915.6888 | M8: 2062.5894 | P8: 관리 과업 | Q8: 50 | R8: 5978.2783 | S8: 3915.6888 | T8: 2062.5894
D9: =SUMIF(세부내용!$A:$A,"관리",세부내용!H:H)/1000000 -> 0 | E9: =D9-F9 -> 0 | F9: =SUMIF(세부내용!$A:$A,"관리",세부내용!I:I)/1000000 -> 0 | K9: 1530.0775 | L9: 982.64556 | M9: 547.43199 | R9: 1530.0775 | S9: 982.64556 | T9: 547.43199
B10: 소계 | C10: =C6+C8 -> 86 | D10: =D6+D8 -> 10765.539 | E10: =E6+E8 -> 3430.5679 | F10: =F6+F8 -> 7334.9706 | I10: 소계 | J10: =J6+J8 -> 86 | K10: =K6+K8 -> 34379.666 | L10: =L6+L8 -> 18046.425 | M10: =M6+M8 -> 16333.241 | P10: 소계 | Q10: =Q6+Q8 -> 122 | R10: =R6+R8 -> 45145.205 | S10: =S6+S8 -> 18046.425 | T10: =T6+T8 -> 16333.241
D11: =D7+D9 -> 2674.9938 | E11: =E7+E9 -> 120.6968 | F11: =F7+F9 -> 2554.297 | K11: =K7+K9 -> 12550.343 | L11: =L7+L9 -> 3740.6682 | M11: =M7+M9 -> 8809.6744 | R11: =R7+R9 -> 15225.336 | S11: =S7+S9 -> 3740.6682 | T11: =T7+T9 -> 8809.6744
B12: 지원 과업 | C12: =COUNTIF(세부내용!A:A,"지원") -> 2 | D12: =SUMIF(세부내용!$A:$A,"지원",세부내용!E:E)/1000000 -> 0 | E12: =SUMIF(세부내용!$A:$A,"지원",세부내용!F:F)/1000000 -> 0 | F12: =SUMIF(세부내용!$A:$A,"지원",세부내용!G:G)/1000000 -> 0 | I12: 지원 과업 | J12: 2 | K12: 516 | L12: 250.70487 | M12: 265.29512 | P12: 지원 과업 | Q12: 2 | R12: 516 | S12: 250.70487 | T12: 265.29512
D13: =SUMIF(세부내용!$A:$A,"지원",세부내용!H:H)/1000000 -> 0 | E13: =D13-F13 -> 0 | F13: =SUMIF(세부내용!$A:$A,"지원",세부내용!I:I)/1000000 -> 0 | K13: 97.9 | L13: 54.1 | M13: 43.8 | R13: 97.9 | S13: 54.1 | T13: 43.8
B14: 계 | C14: =C6+C8+C12 -> 88 | D14: =D6+D8+D12 -> 10765.539 | E14: =E6+E8+E12 -> 3430.5679 | F14: =F6+F8+F12 -> 7334.9706 | I14: 계 | J14: =J6+J8+J12 -> 88 | K14: =K6+K8+K12 -> 34895.666 | L14: =L6+L8+L12 -> 18297.13 | M14: =M6+M8+M12 -> 16598.536 | P14: 계 | Q14: =Q6+Q8+Q12 -> 124 | R14: =R6+R8+R12 -> 45661.205 | S14: =S6+S8+S12 -> 18297.13 | T14: =T6+T8+T12 -> 16598.536
D15: =D7+D9+D13 -> 2674.9938 | E15: =E7+E9+E13 -> 120.6968 | F15: =F7+F9+F13 -> 2554.297 | K15: =K7+K9+K13 -> 12648.243 | L15: =L7+L9+L13 -> 3794.7682 | M15: =M7+M9+M13 -> 8853.4744 | R15: =R7+R9+R13 -> 15323.236 | S15: =S7+S9+S13 -> 3794.7682 | T15: =T7+T9+T13 -> 8853.4744

Sheet 세부내용
A1: 과업분류 | B1: 사업번호 | C1: 부서인덱스 | D1: 사업명 | E1: 공급가액 | F1: 총수금액 | G1: 잔액 | H1: 총외주액 | I1: 외주잔액
A2: 주 | B2: 26025A | C2: 6 | D2: 개야도항 정비공사 환경영향평가용역 | E2: 432293000 | F2: 175000000 | G2: 257293000 | H2: 0 | I2: 0
A3: 주 | B3: 26022A | C3: 6 | D3: 국가어항 신규지정(삽진항 등 4건) 전략환경영향평가용역 | E3: 419400000 | F3: 224000000 | G3: 195400000 | H3: 0 | I3: 0
A4: 주 | B4: 26021A | C4: 6 | D4: 전국 국가어항 개발계획 수정계획 전략환경영향평가용역 | E4: 801477450 | F4: 315000000 | G4: 486477450 | H4: 0 | I4: 0
A5: 주 | B5: 26015A | C5: 6 | D5: 평택당진항 진입도로(신평~내항) 건설공사 사후환경영향조사용역 | E5: 1676858750 | F5: 130900000 | G5: 1545958750 | H5: 0 | I5: 0
A6: 주 | B6: 26011A | C6: 6 | D6: 어란진항 정비사업 사후환경영향조사용역(공사시) | E6: 768739200 | F6: 10000000 | G6: 758739200 | H6: 0 | I6: 0
A7: 주 | B7: 26010A | C7: 6 | D7: 마동지구 다목적농촌용수개발사업 사후환경영향조사 및 해양환경영향조사 용역 | E7: 285119250 | F7: 71279000 | G7: 213840250 | H7: 175032000 | I7: 175032000
A8: 주 | B8: 26005A | C8: 6 | D8: 격렬비열도항 개발사업 일반해양이용협의용역 | E8: 178080000 | F8: 16800000 | G8: 161280000 | H8: 0 | I8: 0
A9: 주 | B9: 25058A | C9: 6 | D9: 강릉 하시동지구 연안정비사업 해양환경영향조사용역 | E9: 477927200 | F9: 99093040 | G9: 378834160 | H9: 201300000 | I9: 201300000
A10: 주 | B10: 25055A | C10: 6 | D10: 울진권역 국가어항(구산항) 정비사업 사후환경영향조사용역(공사시) | E10: 1007836200 | F10: 205120200 | G10: 802716000 | H10: 379500000 | I10: 379500000
A11: 주 | B11: 25056A | C11: 6 | D11: 새만금 지역간 연결도로 해양이용영향조사 용역 | E11: 362322480 | F11: 42549000 | G11: 319773480 | H11: 144232000 | I11: 144232000
A12: 주 | B12: 25029A | C12: 6 | D12: 부산항 북항 1단계 재개발사업 사후환경영향조사용역(6차) | E12: 666531450 | F12: 286000000 | G12: 380531450 | H12: 402600000 | I12: 402600000
A13: 주 | B13: 24084A | C13: 6 | D13: 거진1리 연안정비사업 해양환경영향조사용역 | E13: 324585450 | F13: 162000000 | G13: 162585450 | H13: 73260000 | I13: 73260000
... A18: 주 | B18: 24037A | C18: 6 | D18: 오천항 건설공사 사후환경영향조사용역(공사시) | E18: 937228500 | F18: 407496700 | G18: 529731800 | H18: 436150000 | I18: 398450000
A19: 주 | B19: 24035A | C19: 6
A20: 주 | B20: 24033A | C20: 6
A21: 주 | B21: 24027A | C21: 6
A22: 주 | B22: 24004A | C22: 6
A23: 주 | B23: 23087A | C23: 6
A24: 주 | B24: 23080A | C24: 6
A25: 주 | B25: 23075A | C25: 6
A26: 주 | B26: 23040A | C26: 6
A27: 주 | B27: 22038A | C27: 6
A28: 주 | B28: 23025A | C28: 6
A29: 주 | B29: 22111A | C29: 6
A30: 주 | B30: 22107A | C30: 6
... A89: 지원 | B89: 12110A | C89: 1
